--Activando la base de datos maestra
use master 
go 

--Validado la base de datos RENT-CAR 
IF DB_ID('RENTCAR') IS NOT NULL
BEGIN
	DROP DATABASE RENTCAR
END

--Creando la base de datos RENT-CAR 
CREATE DATABASE RENTCAR
GO

--Activando la base de datos RENTCAR
USE RENTCAR
GO

--Configurando el formato de fecha
SET DATEFORMAT DMY
GO 

--Creando las tablas que componen la base de datos RENTCAR.
CREATE TABLE CLIENTE(
	IDE_CLI		INT		NOT NULL,
	APE_CLI 	VARCHAR(30)	NOT NULL,
	NOM_CLI		VARCHAR(30)	NOT NULL,
	DNI_CLI		CHAR(8)		NOT NULL,
	TEL_CLI		VARCHAR(25)	NULL,
	IDE_DIS		INT		NOT NULL
)
GO

CREATE TABLE CAJERO(
	IDE_CAJ		INT		NOT NULL,
	NOM_CAJ		VARCHAR(30)	NOT NULL
)
GO

CREATE TABLE DISTRITO(
	IDE_DIS		INT		NOT NULL,
	DES_DIS		VARCHAR(40)	NOT NULL
)
GO

CREATE TABLE MARCA(
	IDE_MAR		INT		NOT NULL,
	NOM_MAR		VARCHAR(30)	NOT NULL
)
GO

CREATE TABLE AUTOMOVIL(
	MAT_AUT		CHAR(10)		NOT NULL,
	COL_AUT		VARCHAR(30)		NOT NULL,
	IDE_MAR		INT				NOT NULL,
	AÑO_AUT		INT
)
GO

CREATE TABLE ALQUILER(
	NUM_ALQ		INT		NOT NULL,
	FEC_ALQ		DATE	NOT NULL,
	MON_ALQ		MONEY 	NOT NULL,
	IDE_CAJ		INT		NOT NULL
)
GO

CREATE TABLE DETALLEALQUILER(
	NUM_ALQ		INT			NOT NULL,
	IDE_CLI		INT	NOT NULL,
	MAT_AUT		CHAR(10)	NOT NULL	
)
GO

--4. Implementando las llaves primarias a las tablas
ALTER TABLE MARCA
	ADD PRIMARY KEY (IDE_MAR)
ALTER TABLE CAJERO
	ADD PRIMARY KEY (IDE_CAJ)
ALTER TABLE AUTOMOVIL
	ADD PRIMARY KEY (MAT_AUT)
ALTER TABLE ALQUILER
	ADD PRIMARY KEY (NUM_ALQ)
ALTER TABLE CLIENTE
	ADD PRIMARY KEY (IDE_CLI)
ALTER TABLE DISTRITO
	ADD PRIMARY KEY (IDE_DIS)
ALTER TABLE DETALLEALQUILER
	ADD PRIMARY KEY (NUM_ALQ,IDE_CLI)

--5. Implementando las llaves foráneas a las tablas relacionadas
ALTER TABLE DETALLEALQUILER
	ADD FOREIGN KEY (NUM_ALQ) REFERENCES ALQUILER
ALTER TABLE DETALLEALQUILER
	ADD FOREIGN KEY (IDE_CLI) REFERENCES CLIENTE
ALTER TABLE DETALLEALQUILER
	ADD FOREIGN KEY (MAT_AUT) REFERENCES AUTOMOVIL
ALTER TABLE CLIENTE
	ADD FOREIGN KEY (IDE_DIS) REFERENCES DISTRITO
GO
ALTER TABLE AUTOMOVIL
	ADD FOREIGN KEY (IDE_MAR) REFERENCES MARCA
GO
ALTER TABLE ALQUILER
	ADD FOREIGN KEY (IDE_CAJ) REFERENCES CAJERO
GO

--Realizar la inserción de registros a cada tabla de la base de datos RENTCAR.
--Insertando los registros a la table DISTRITO
INSERT INTO DISTRITO VALUES('1','CERCADO')
INSERT INTO DISTRITO VALUES('2','ANCON')
INSERT INTO DISTRITO VALUES('3','ATE')
INSERT INTO DISTRITO VALUES('4','BARRANCO')
INSERT INTO DISTRITO VALUES('5','BREÑA')
INSERT INTO DISTRITO VALUES('6','CARABAYLLO')
INSERT INTO DISTRITO VALUES('7','COMAS')
INSERT INTO DISTRITO VALUES('8','CHACLACAYO')
INSERT INTO DISTRITO VALUES('9','CHORRILLOS')
INSERT INTO DISTRITO VALUES('10','EL AGUSTINO')
INSERT INTO DISTRITO VALUES('11','JESUS MARIA')
INSERT INTO DISTRITO VALUES('12','LA MOLINA')
INSERT INTO DISTRITO VALUES('13','LA VICTORIA')
INSERT INTO DISTRITO VALUES('14','LINCE')
INSERT INTO DISTRITO VALUES('15','LURIGANCHO')
INSERT INTO DISTRITO VALUES('16','LURIN')
INSERT INTO DISTRITO VALUES('17','MAGDALENA')
INSERT INTO DISTRITO VALUES('18','MIRAFLORES')
INSERT INTO DISTRITO VALUES('19','PACHACAMAC')
INSERT INTO DISTRITO VALUES('20','PUCUSANA')

--Insertando los registros a la table CLIENTE
INSERT INTO CLIENTE VALUES('1','AGUILAR BENAVIDES','VICTOR','42417269','600-4514','5')
INSERT INTO CLIENTE VALUES('2','ANCAYA CARBAJAL','IVETH','66912663','680-9005','18')
INSERT INTO CLIENTE VALUES('3','ANGULO RIOS','EDGAR','49817016','659-8441','14')
INSERT INTO CLIENTE VALUES('4','ARAUCO BOCANEGRA','MARTIN','43611057','502-9795','12')
INSERT INTO CLIENTE VALUES('5','AVALOS ROLDAN','CYNTHIA','57037414','658-7460','14')
INSERT INTO CLIENTE VALUES('6','AGUILAR GARCIA','WALKER','64314807','579-160','6')
INSERT INTO CLIENTE VALUES('7','ALVAREZ BERTRAN','CESAR','41766348','568-8074','7')
INSERT INTO CLIENTE VALUES('8','AGUILAR MORON','LUCIA','47324515','677-3873','14')
INSERT INTO CLIENTE VALUES('9','ALIAGA CORONEL','SANDRA','68079535','457-7488','17')
INSERT INTO CLIENTE VALUES('10','ALIAGA CORONEL','CLAUDIA','57499932','615-5803','7')
INSERT INTO CLIENTE VALUES('11','BETT QUEA','MARJORIE','47153106','575-4517','13')
INSERT INTO CLIENTE VALUES('12','ALARCON CALIXTO','DANIEL','41945292','579-9851','9')
INSERT INTO CLIENTE VALUES('13','ANDRADE CORRALES','ZELIDETH','65973130','498-3673','16')
INSERT INTO CLIENTE VALUES('14','ANDRADE CORRALES','CHRISTIAN','53997745','620-6588','15')
INSERT INTO CLIENTE VALUES('15','ALVAREZ GARCIA','BRUNO','49847395','483-6594','5')
INSERT INTO CLIENTE VALUES('16','ALVAREZ GARCIA','MARCO','48191869','456-4562','4')
INSERT INTO CLIENTE VALUES('17','ALVA URRUNAGA','YARIM','61482106','481-7200','9')
INSERT INTO CLIENTE VALUES('18','AREVALO ESCALANTE','URPI','60086497','575-1419','6')
INSERT INTO CLIENTE VALUES('19','AYESTA VARGAS','VANESSA','61800903','422-6877','11')
INSERT INTO CLIENTE VALUES('20','AYESTA VARGAS','TAMARA','48586965','406-3666','19')
INSERT INTO CLIENTE VALUES('21','AYESTA VARGAS','DANIEL','66559912','414-157','7')
INSERT INTO CLIENTE VALUES('22','BECERRA MAZ','GABRIELA','66736534','491-1817','4')
INSERT INTO CLIENTE VALUES('23','ATENCIO DIAZ','JAMIE','65755599','641-6054','19')
INSERT INTO CLIENTE VALUES('24','ALCEDO CHAVEZ','MARIO','50206501','562-5848','15')
INSERT INTO CLIENTE VALUES('25','ALVAREZ LOYOLA','HAROLD','59276750','540-2647','11')
INSERT INTO CLIENTE VALUES('26','BERROCAL RODRIGUEZ','GLADYS','42127348','440-7883','14')
INSERT INTO CLIENTE VALUES('27','BAZAGOYTIA MOSTO','DIANA','63243313','485-7161','5')
INSERT INTO CLIENTE VALUES('28','BAZAGOYTIA MOSTO','ROSA','57548932','501-4563','12')
INSERT INTO CLIENTE VALUES('29','AMERI MORENO','JOSE','40071149','693-2285','9')
INSERT INTO CLIENTE VALUES('30','BARBIERI ALVARADO','JOSE','54861832','605-3948','2')
INSERT INTO CLIENTE VALUES('31','ARMAS VALDIVIA','GERMAN','68173602','700-4716','9')
INSERT INTO CLIENTE VALUES('32','ARMAS VALDIVIA','SYLVIA','46103157','540-6861','10')
INSERT INTO CLIENTE VALUES('33','BALCAZAR ARIAS','FIORELLA','55595016','647-1040','14')
INSERT INTO CLIENTE VALUES('34','BALCAZAR ARIAS','GIANKARLO','54600660','531-6180','19')
INSERT INTO CLIENTE VALUES('35','ALZA DONGO','JACKELINE','49435772','569-312','2')
INSERT INTO CLIENTE VALUES('36','ALZA DONGO','CARLO','66719219','465-1870','5')
INSERT INTO CLIENTE VALUES('37','AGUIRRE ABON','LUIS','59302681','675-5564','8')
INSERT INTO CLIENTE VALUES('38','AGUIRRE ABON','NICOLAS','57668562','427-385','8')
INSERT INTO CLIENTE VALUES('39','BOCANEGRA GONZALES','LISBETH','62840506','446-4675','3')
INSERT INTO CLIENTE VALUES('40','ADRIAN CHAVERA','HECTOR','69510213','410-7225','6')
INSERT INTO CLIENTE VALUES('41','ARLAND CHAVERA','DIANA','64486330','561-484','16')
INSERT INTO CLIENTE VALUES('42','ARMAS SALAS','ANDREE','42540343','673-7153','4')
INSERT INTO CLIENTE VALUES('43','ALTAMIRANO BENAVIDES','OSCAR','60167443','584-988','18')
INSERT INTO CLIENTE VALUES('44','APARICIO ZAVALETA','HELENA','40752216','630-2209','2')
INSERT INTO CLIENTE VALUES('45','ALTAMIRANO VIVANCO','ROLANDO','49959727','635-5243','1')
INSERT INTO CLIENTE VALUES('46','ABARCA MARQUINA','SREFANIE','43591275','415-1653','12')
INSERT INTO CLIENTE VALUES('47','ABARCA MARQUINA','JORGE','45642175','476-9585','2')
INSERT INTO CLIENTE VALUES('48','BRITO HIDALGO','CYNTHIA','62636413','678-947','10')
INSERT INTO CLIENTE VALUES('49','BALDEON ROJAS','SUELEN','60019448','436-1419','14')
INSERT INTO CLIENTE VALUES('50','BURGA DE LAS CASAS','ANTONY','56132072','487-485','13')

INSERT INTO CAJERO VALUES('1','JUAN APAZA')
INSERT INTO CAJERO VALUES('2','MARIA LOPEZ')
INSERT INTO CAJERO VALUES('3','ANA ROJAS')
INSERT INTO CAJERO VALUES('4','ROBERTO BUENO')
INSERT INTO CAJERO VALUES('5','ANGELA GARCIA')
INSERT INTO CAJERO VALUES('6','ROCIO ALMESTAR')
INSERT INTO CAJERO VALUES('7','LUIS OROPEZA')
INSERT INTO CAJERO VALUES('8','ARIEL HURTADO')
INSERT INTO CAJERO VALUES('9','SUSY BARBOZA')
INSERT INTO CAJERO VALUES('10','HILDA JUAREZ')

--Insertando los registros a la table ALQUILER
INSERT INTO ALQUILER VALUES(1,'18/03/2016',200,1)
INSERT INTO ALQUILER VALUES(2,'06/01/2016',229,1)
INSERT INTO ALQUILER VALUES(3,'10/12/2016',161,3)
INSERT INTO ALQUILER VALUES(4,'12/06/2016',209,4)
INSERT INTO ALQUILER VALUES(5,'21/08/2016',292,3)
INSERT INTO ALQUILER VALUES(6,'18/03/2016',276,1)
INSERT INTO ALQUILER VALUES(7,'18/04/2016',158,6)
INSERT INTO ALQUILER VALUES(8,'23/09/2016',175,3)
INSERT INTO ALQUILER VALUES(9,'15/09/2016',148,4)
INSERT INTO ALQUILER VALUES(10,'29/10/2016',349,1)
INSERT INTO ALQUILER VALUES(11,'02/01/2016',291,6)
INSERT INTO ALQUILER VALUES(12,'30/07/2016',220,4)
INSERT INTO ALQUILER VALUES(13,'17/09/2016',161,6)
INSERT INTO ALQUILER VALUES(14,'05/08/2016',242,6)
INSERT INTO ALQUILER VALUES(15,'05/09/2016',108,1)
INSERT INTO ALQUILER VALUES(16,'08/06/2016',229,6)
INSERT INTO ALQUILER VALUES(17,'28/06/2016',238,6)
INSERT INTO ALQUILER VALUES(18,'12/01/2016',126,6)
INSERT INTO ALQUILER VALUES(19,'26/04/2016',209,4)
INSERT INTO ALQUILER VALUES(20,'27/04/2016',155,1)
INSERT INTO ALQUILER VALUES(21,'13/05/2016',151,6)
INSERT INTO ALQUILER VALUES(22,'14/01/2016',151,6)
INSERT INTO ALQUILER VALUES(23,'02/07/2016',113,6)
INSERT INTO ALQUILER VALUES(24,'31/12/2016',111,3)
INSERT INTO ALQUILER VALUES(25,'10/03/2016',137,6)
INSERT INTO ALQUILER VALUES(26,'18/12/2016',260,6)
INSERT INTO ALQUILER VALUES(27,'08/11/2016',219,4)
INSERT INTO ALQUILER VALUES(28,'21/07/2016',189,6)
INSERT INTO ALQUILER VALUES(29,'10/03/2016',338,4)
INSERT INTO ALQUILER VALUES(30,'14/10/2016',111,3)
INSERT INTO ALQUILER VALUES(31,'13/03/2016',154,6)
INSERT INTO ALQUILER VALUES(32,'10/02/2016',298,6)
INSERT INTO ALQUILER VALUES(33,'14/06/2016',306,6)
INSERT INTO ALQUILER VALUES(34,'23/05/2016',267,6)
INSERT INTO ALQUILER VALUES(35,'19/03/2016',197,3)
INSERT INTO ALQUILER VALUES(36,'21/05/2016',305,6)
INSERT INTO ALQUILER VALUES(37,'20/06/2016',339,6)
INSERT INTO ALQUILER VALUES(38,'27/09/2016',181,6)
INSERT INTO ALQUILER VALUES(39,'13/02/2016',196,3)
INSERT INTO ALQUILER VALUES(40,'22/07/2016',262,6)
INSERT INTO ALQUILER VALUES(41,'30/06/2017',199,6)
INSERT INTO ALQUILER VALUES(42,'21/04/2017',313,6)
INSERT INTO ALQUILER VALUES(43,'27/05/2017',185,3)
INSERT INTO ALQUILER VALUES(44,'27/08/2017',112,6)
INSERT INTO ALQUILER VALUES(45,'22/03/2017',226,6)
INSERT INTO ALQUILER VALUES(46,'26/02/2017',200,6)
INSERT INTO ALQUILER VALUES(47,'12/05/2017',313,6)
INSERT INTO ALQUILER VALUES(48,'12/06/2017',253,6)
INSERT INTO ALQUILER VALUES(49,'22/05/2017',271,6)
INSERT INTO ALQUILER VALUES(50,'02/12/2017',166,6)
INSERT INTO ALQUILER VALUES(51,'08/02/2017',131,6)
INSERT INTO ALQUILER VALUES(52,'05/04/2017',126,6)
INSERT INTO ALQUILER VALUES(53,'10/10/2017',272,6)
INSERT INTO ALQUILER VALUES(54,'13/07/2017',243,6)
INSERT INTO ALQUILER VALUES(55,'25/05/2017',327,6)
INSERT INTO ALQUILER VALUES(56,'14/02/2017',330,4)
INSERT INTO ALQUILER VALUES(57,'23/06/2017',347,6)
INSERT INTO ALQUILER VALUES(58,'22/01/2017',340,6)
INSERT INTO ALQUILER VALUES(59,'13/10/2017',165,6)
INSERT INTO ALQUILER VALUES(60,'10/12/2017',277,6)
INSERT INTO ALQUILER VALUES(61,'24/09/2017',259,4)
INSERT INTO ALQUILER VALUES(62,'31/03/2017',346,6)
INSERT INTO ALQUILER VALUES(63,'07/04/2017',186,6)
INSERT INTO ALQUILER VALUES(64,'10/09/2017',311,4)
INSERT INTO ALQUILER VALUES(65,'14/03/2017',342,6)
INSERT INTO ALQUILER VALUES(66,'14/12/2017',178,6)
INSERT INTO ALQUILER VALUES(67,'29/01/2017',229,4)
INSERT INTO ALQUILER VALUES(68,'04/07/2017',346,6)
INSERT INTO ALQUILER VALUES(69,'23/06/2017',165,5)
INSERT INTO ALQUILER VALUES(70,'12/09/2017',308,6)
INSERT INTO ALQUILER VALUES(71,'23/10/2018',230,4)
INSERT INTO ALQUILER VALUES(72,'28/09/2018',282,6)
INSERT INTO ALQUILER VALUES(73,'24/06/2018',118,5)
INSERT INTO ALQUILER VALUES(74,'13/05/2018',282,6)
INSERT INTO ALQUILER VALUES(75,'10/10/2018',183,6)
INSERT INTO ALQUILER VALUES(76,'19/11/2018',289,5)
INSERT INTO ALQUILER VALUES(77,'10/11/2018',132,6)
INSERT INTO ALQUILER VALUES(78,'13/04/2018',198,6)
INSERT INTO ALQUILER VALUES(79,'10/09/2018',277,6)
INSERT INTO ALQUILER VALUES(80,'25/12/2018',270,5)
INSERT INTO ALQUILER VALUES(81,'11/01/2018',220,6)
INSERT INTO ALQUILER VALUES(82,'23/09/2018',129,6)
INSERT INTO ALQUILER VALUES(83,'17/03/2018',204,6)
INSERT INTO ALQUILER VALUES(84,'05/10/2018',144,6)
INSERT INTO ALQUILER VALUES(85,'18/09/2018',133,5)
INSERT INTO ALQUILER VALUES(86,'13/11/2018',270,7)
INSERT INTO ALQUILER VALUES(87,'22/05/2018',180,7)
INSERT INTO ALQUILER VALUES(88,'27/04/2018',331,7)
INSERT INTO ALQUILER VALUES(89,'26/12/2018',145,5)
INSERT INTO ALQUILER VALUES(90,'10/07/2018',135,7)
INSERT INTO ALQUILER VALUES(91,'18/12/2018',301,4)
INSERT INTO ALQUILER VALUES(92,'13/04/2018',228,7)
INSERT INTO ALQUILER VALUES(93,'22/04/2018',187,4)
INSERT INTO ALQUILER VALUES(94,'22/08/2018',156,7)
INSERT INTO ALQUILER VALUES(95,'09/06/2018',340,6)
INSERT INTO ALQUILER VALUES(96,'10/02/2018',161,7)
INSERT INTO ALQUILER VALUES(97,'02/05/2018',288,6)
INSERT INTO ALQUILER VALUES(98,'20/06/2018',339,7)
INSERT INTO ALQUILER VALUES(99,'10/12/2018',129,7)
INSERT INTO ALQUILER VALUES(100,'14/09/2018',327,5)

INSERT INTO MARCA VALUES('1','TOYOTA')
INSERT INTO MARCA VALUES('2','HYUNDAI')
INSERT INTO MARCA VALUES('3','CHERY')
INSERT INTO MARCA VALUES('4','KIA')
INSERT INTO MARCA VALUES('5','SUZUKI')
INSERT INTO MARCA VALUES('6','MAZDA')


--Insertando los registros a la table AUTOMOVIL
INSERT INTO AUTOMOVIL VALUES('LJ-126','NEGRO','1',2016)
INSERT INTO AUTOMOVIL VALUES('YB-934','ROJO','2',2016)
INSERT INTO AUTOMOVIL VALUES('TK-123','PLATA','6',2015)
INSERT INTO AUTOMOVIL VALUES('MC-633','NEGRO','3',2016)
INSERT INTO AUTOMOVIL VALUES('RK-885','PLATA','1',2015)
INSERT INTO AUTOMOVIL VALUES('KG-944','NEGRO','4',2015)
INSERT INTO AUTOMOVIL VALUES('JA-354','PLATA','2',2017)
INSERT INTO AUTOMOVIL VALUES('SI-186','PLATA','6',2016)
INSERT INTO AUTOMOVIL VALUES('UY-452','ROJO','3',2016)
INSERT INTO AUTOMOVIL VALUES('ZE-157','PLATA','4',2016)
INSERT INTO AUTOMOVIL VALUES('JN-526','PLATA','5',2016)
INSERT INTO AUTOMOVIL VALUES('IE-992','NEGRO','3',2017)
INSERT INTO AUTOMOVIL VALUES('PC-533','PLATA','5',2015)
INSERT INTO AUTOMOVIL VALUES('RQ-485','PLATA','3',2017)
INSERT INTO AUTOMOVIL VALUES('RN-158','PLATA','3',2016)
INSERT INTO AUTOMOVIL VALUES('GI-519','ROJO','2',2015)
INSERT INTO AUTOMOVIL VALUES('OW-973','ROJO','1',2015)
INSERT INTO AUTOMOVIL VALUES('SN-847','PLATA','3',2017)
INSERT INTO AUTOMOVIL VALUES('GL-142','PLATA','1',2017)
INSERT INTO AUTOMOVIL VALUES('MS-543','NEGRO','5',2017)
INSERT INTO AUTOMOVIL VALUES('IT-137','PLATA','1',2016)
INSERT INTO AUTOMOVIL VALUES('CG-140','PLATA','4',2016)
INSERT INTO AUTOMOVIL VALUES('XD-326','ROJO','3',2016)
INSERT INTO AUTOMOVIL VALUES('NT-722','PLATA','2',2016)
INSERT INTO AUTOMOVIL VALUES('ZJ-730','NEGRO','2',2017)
INSERT INTO AUTOMOVIL VALUES('YO-442','PLATA','3',2016)
INSERT INTO AUTOMOVIL VALUES('BS-610','ROJO','4',2015)
INSERT INTO AUTOMOVIL VALUES('ZD-682','PLATA','1',2015)
INSERT INTO AUTOMOVIL VALUES('OD-825','NEGRO','2',2016)
INSERT INTO AUTOMOVIL VALUES('GT-847','PLATA','3',2017)


--Insertando detalle de alquiler
INSERT INTO DETALLEALQUILER VALUES(1,'40','LJ-126')
INSERT INTO DETALLEALQUILER VALUES(2,'12','YB-934')
INSERT INTO DETALLEALQUILER VALUES(3,'2','TK-123')
INSERT INTO DETALLEALQUILER VALUES(4,'20','MC-633')
INSERT INTO DETALLEALQUILER VALUES(5,'3','RK-885')
INSERT INTO DETALLEALQUILER VALUES(6,'23','KG-944')
INSERT INTO DETALLEALQUILER VALUES(7,'48','JA-354')
INSERT INTO DETALLEALQUILER VALUES(8,'50','SI-186')
INSERT INTO DETALLEALQUILER VALUES(9,'39','UY-452')
INSERT INTO DETALLEALQUILER VALUES(11,'12','ZE-157')
INSERT INTO DETALLEALQUILER VALUES(12,'2','JN-526')
INSERT INTO DETALLEALQUILER VALUES(13,'47','RQ-485')
INSERT INTO DETALLEALQUILER VALUES(15,'50','RN-158')
INSERT INTO DETALLEALQUILER VALUES(16,'42','GI-519')
INSERT INTO DETALLEALQUILER VALUES(17,'27','OW-973')
INSERT INTO DETALLEALQUILER VALUES(18,'14','KG-944')
INSERT INTO DETALLEALQUILER VALUES(19,'40','JA-354')
INSERT INTO DETALLEALQUILER VALUES(20,'10','LJ-126')
INSERT INTO DETALLEALQUILER VALUES(22,'42','YB-934')
INSERT INTO DETALLEALQUILER VALUES(23,'21','TK-123')
INSERT INTO DETALLEALQUILER VALUES(24,'38','MC-633')
INSERT INTO DETALLEALQUILER VALUES(26,'33','RK-885')
INSERT INTO DETALLEALQUILER VALUES(27,'6','KG-944')
INSERT INTO DETALLEALQUILER VALUES(29,'33','JA-354')
INSERT INTO DETALLEALQUILER VALUES(30,'7','SI-186')
INSERT INTO DETALLEALQUILER VALUES(31,'23','UY-452')
INSERT INTO DETALLEALQUILER VALUES(32,'1','ZE-157')
INSERT INTO DETALLEALQUILER VALUES(33,'35','JN-526')
INSERT INTO DETALLEALQUILER VALUES(34,'11','RQ-485')
INSERT INTO DETALLEALQUILER VALUES(35,'33','RN-158')
INSERT INTO DETALLEALQUILER VALUES(37,'19','GI-519')
INSERT INTO DETALLEALQUILER VALUES(38,'48','OW-973')
INSERT INTO DETALLEALQUILER VALUES(39,'50','SN-847')
INSERT INTO DETALLEALQUILER VALUES(40,'37','GL-142')
INSERT INTO DETALLEALQUILER VALUES(41,'18','MS-543')
INSERT INTO DETALLEALQUILER VALUES(42,'32','IT-137')
INSERT INTO DETALLEALQUILER VALUES(43,'48','CG-140')
INSERT INTO DETALLEALQUILER VALUES(44,'29','XD-326')
INSERT INTO DETALLEALQUILER VALUES(45,'5','NT-722')
INSERT INTO DETALLEALQUILER VALUES(46,'27','LJ-126')
INSERT INTO DETALLEALQUILER VALUES(47,'27','YB-934')
INSERT INTO DETALLEALQUILER VALUES(48,'8','TK-123')
INSERT INTO DETALLEALQUILER VALUES(49,'50','MC-633')
INSERT INTO DETALLEALQUILER VALUES(50,'34','RK-885')
INSERT INTO DETALLEALQUILER VALUES(52,'30','KG-944')
INSERT INTO DETALLEALQUILER VALUES(53,'44','JA-354')
INSERT INTO DETALLEALQUILER VALUES(54,'7','SI-186')
INSERT INTO DETALLEALQUILER VALUES(55,'30','UY-452')
INSERT INTO DETALLEALQUILER VALUES(56,'29','ZE-157')
INSERT INTO DETALLEALQUILER VALUES(57,'12','JN-526')
INSERT INTO DETALLEALQUILER VALUES(59,'29','RQ-485')
INSERT INTO DETALLEALQUILER VALUES(60,'40','RN-158')
INSERT INTO DETALLEALQUILER VALUES(61,'34','GI-519')
INSERT INTO DETALLEALQUILER VALUES(62,'40','OW-973')
INSERT INTO DETALLEALQUILER VALUES(63,'21','SN-847')
INSERT INTO DETALLEALQUILER VALUES(64,'35','GL-142')
INSERT INTO DETALLEALQUILER VALUES(65,'1','MS-543')
INSERT INTO DETALLEALQUILER VALUES(66,'30','IT-137')
INSERT INTO DETALLEALQUILER VALUES(67,'7','CG-140')
INSERT INTO DETALLEALQUILER VALUES(68,'8','XD-326')
INSERT INTO DETALLEALQUILER VALUES(69,'11','NT-722')
INSERT INTO DETALLEALQUILER VALUES(71,'10','TK-123')
INSERT INTO DETALLEALQUILER VALUES(72,'20','MC-633')
INSERT INTO DETALLEALQUILER VALUES(73,'29','RK-885')
INSERT INTO DETALLEALQUILER VALUES(74,'14','KG-944')
INSERT INTO DETALLEALQUILER VALUES(75,'41','JA-354')
INSERT INTO DETALLEALQUILER VALUES(76,'38','SI-186')
INSERT INTO DETALLEALQUILER VALUES(77,'19','UY-452')
INSERT INTO DETALLEALQUILER VALUES(78,'19','ZE-157')
INSERT INTO DETALLEALQUILER VALUES(79,'40','JN-526')
INSERT INTO DETALLEALQUILER VALUES(80,'14','RQ-485')
INSERT INTO DETALLEALQUILER VALUES(81,'4','RN-158')
INSERT INTO DETALLEALQUILER VALUES(82,'22','GI-519')
INSERT INTO DETALLEALQUILER VALUES(83,'44','OW-973')
INSERT INTO DETALLEALQUILER VALUES(84,'22','SN-847')
INSERT INTO DETALLEALQUILER VALUES(85,'7','GL-142')
INSERT INTO DETALLEALQUILER VALUES(86,'18','MS-543')
INSERT INTO DETALLEALQUILER VALUES(87,'30','IT-137')
INSERT INTO DETALLEALQUILER VALUES(88,'14','CG-140')
INSERT INTO DETALLEALQUILER VALUES(89,'50','XD-326')
INSERT INTO DETALLEALQUILER VALUES(90,'10','NT-722')
INSERT INTO DETALLEALQUILER VALUES(91,'18','ZD-682')
INSERT INTO DETALLEALQUILER VALUES(92,'8','OD-825')
INSERT INTO DETALLEALQUILER VALUES(93,'28','JA-354')
INSERT INTO DETALLEALQUILER VALUES(95,'2','SI-186')
INSERT INTO DETALLEALQUILER VALUES(96,'39','UY-452')
INSERT INTO DETALLEALQUILER VALUES(97,'41','ZD-682')
INSERT INTO DETALLEALQUILER VALUES(98,'30','OD-825')
INSERT INTO DETALLEALQUILER VALUES(99,'26','RQ-485')
INSERT INTO DETALLEALQUILER VALUES(100,'16','RN-158')


--Listado los registros
select * from CLIENTE
select * from ALQUILER
select * from DISTRITO
select * from AUTOMOVIL
select * from DETALLEALQUILER
